{"cameraMode":{"drawMode":0,"name":"Shaded","section":"Shading Mode"},"sceneLighting":false,"audioPlay":false,"sceneViewState":{"m_AlwaysRefresh":false,"showFog":true,"showSkybox":false,"showFlares":true,"showImageEffects":true,"showParticleSystems":true,"showVisualEffectGraphs":true,"m_FxEnabled":true},"in2DMode":false,"pivot":{"x":0.040043070912361148,"y":0.17548392713069917,"z":0.05822640657424927},"rotation":{"x":-0.10275386273860932,"y":0.8115547299385071,"z":-0.15019477903842927,"w":-0.5552143454551697},"size":0.8553368449211121,"orthographic":false}