{"cameraMode":{"drawMode":0,"name":"Shaded","section":"Shading Mode"},"sceneLighting":false,"audioPlay":false,"sceneViewState":{"m_AlwaysRefresh":false,"showFog":true,"showSkybox":false,"showFlares":true,"showImageEffects":true,"showParticleSystems":true,"showVisualEffectGraphs":true,"m_FxEnabled":true},"in2DMode":false,"pivot":{"x":0.001127004623413086,"y":0.00008071959018707275,"z":-0.0008491873741149902},"rotation":{"x":-0.10275386273860932,"y":0.8115547299385071,"z":-0.15019477903842927,"w":-0.5552143454551697},"size":0.43690988421440127,"orthographic":false}