{"cameraMode":{"drawMode":0,"name":"Shaded","section":"Shading Mode"},"sceneLighting":true,"audioPlay":false,"sceneViewState":{"m_AlwaysRefresh":false,"showFog":true,"showSkybox":false,"showFlares":true,"showImageEffects":true,"showParticleSystems":true,"showVisualEffectGraphs":true,"m_FxEnabled":true},"in2DMode":false,"pivot":{"x":-0.4464254379272461,"y":1.6085894107818604,"z":-0.5799665451049805},"rotation":{"x":0.09111268818378449,"y":-0.8772298693656921,"z":0.18422554433345796,"w":0.4338538646697998},"size":3.900017023086548,"orthographic":false}