{"cameraMode":{"drawMode":0,"name":"Shaded","section":"Shading Mode"},"sceneLighting":true,"audioPlay":false,"sceneViewState":{"m_AlwaysRefresh":false,"showFog":true,"showSkybox":false,"showFlares":true,"showImageEffects":true,"showParticleSystems":true,"showVisualEffectGraphs":true,"m_FxEnabled":true},"in2DMode":false,"pivot":{"x":1.6671562194824219,"y":3.1213269233703615,"z":-2.171515464782715},"rotation":{"x":0.22173461318016053,"y":-0.43312785029411318,"z":0.11082679033279419,"w":0.8665757775306702},"size":6.300018310546875,"orthographic":false}