{"cameraMode":{"drawMode":0,"name":"Shaded","section":"Shading Mode"},"sceneLighting":false,"audioPlay":false,"sceneViewState":{"m_AlwaysRefresh":false,"showFog":true,"showSkybox":false,"showFlares":true,"showImageEffects":true,"showParticleSystems":true,"showVisualEffectGraphs":true,"m_FxEnabled":true},"in2DMode":false,"pivot":{"x":-0.07511943578720093,"y":1.5131282806396485,"z":-0.05166149139404297},"rotation":{"x":0.06698411703109741,"y":0.559084951877594,"z":-0.04538467898964882,"w":0.8251560926437378},"size":0.4393659830093384,"orthographic":false}