{"cameraMode":{"drawMode":0,"name":"Shaded","section":"Shading Mode"},"sceneLighting":false,"audioPlay":false,"sceneViewState":{"m_AlwaysRefresh":false,"showFog":true,"showSkybox":false,"showFlares":true,"showImageEffects":true,"showParticleSystems":true,"showVisualEffectGraphs":true,"m_FxEnabled":true},"in2DMode":false,"pivot":{"x":0.11478936672210694,"y":3.0588858127593996,"z":0.8058356642723084},"rotation":{"x":-0.14988811314105988,"y":-0.7937972545623779,"z":0.21712861955165864,"w":-0.5479788184165955},"size":0.7154397368431091,"orthographic":false}